Institucion,Clasificacion,Tipo,Direccion,Categoria
MINSA,PUESTOS DE SALUD O POSTAS DE SALUD,SIN INTERNAMIENTO,JR ANCASH 1529 AAHH ROSA DE SANTA MARIA,I-2
MINSA,INSTITUTOS DE SALUD ESPECIALIZADOS,CON INTERNAMIENTO,JR. ANCASH 1271 - LIMA,III-2
MINSA,HOSPITALES O CLINICAS DE ATENCION ESPECIALIZADA,CON INTERNAMIENTO,AV. ALFONSO UGARTE 825 LIMA CERCADO,III-1
PRIVADO,MEDICINA HIPERBARICA,SERVICIO MEDICO DE APOYO,AV. GUZMAN BLANCO 199 LIMA,SIN CATEGORIA
PRIVADO,CONSULTORIOS MEDICOS Y DE OTROS PROFESIONALES DE LA SALUD,SIN INTERNAMIENTO,AV. ENRIQUE MEIGGS 1774 MIRONES ALTO,I-2
PRIVADO,PATOLOGIA CLINICA,SERVICIO MEDICO DE APOYO,CALLE ENRIQUE PALACIOS 872 MIRALFORES,SIN CATEGORIA
PRIVADO,HEMODIALISIS,SERVICIO MEDICO DE APOYO,JR. CHOTA 1160-1170 CERCADO DE LIMA,SIN CATEGORIA
ESSALUD,POLICLINICOS,SIN INTERNAMIENTO,JR. CHOTA 1449 - CERCADO DE LIMA,I-3
PRIVADO,CENTROS OPTICOS,SERVICIO MEDICO DE APOYO,JR. RUFINO TORRICO 698 URB. CERCADO LIMA,SIN CATEGORIA
PRIVADO,HOSPITALES O CLINICAS DE ATENCION ESPECIALIZADA,CON INTERNAMIENTO,AV. ARENALES 1181 LIMA CERCADO,II-E
PRIVADO,POLICLINICOS,SIN INTERNAMIENTO,JR. PABLO BERMUDEZ 192 SANTA BEATRIZ,I-3
PRIVADO,POLICLINICOS,SIN INTERNAMIENTO,JR. LUIS GALVEZ CHIPOCO 170 CERCADO DE LIMA,I-3
PRIVADO,CONSULTORIOS MEDICOS Y DE OTROS PROFESIONALES DE LA SALUD,SIN INTERNAMIENTO,AV. GUZMAN BLANCO 485 1ER PISO,I-1
PRIVADO,CONSULTORIOS MEDICOS Y DE OTROS PROFESIONALES DE LA SALUD,SIN INTERNAMIENTO,AV. MARIANO H. CORNEJO 1952 URB. LA LUZ,I-1
PRIVADO,CONSULTORIOS MEDICOS Y DE OTROS PROFESIONALES DE LA SALUD,SIN INTERNAMIENTO,JR. ANTENOR ORREGO 1996 - URB CHACRA RIOS,I-2
PRIVADO,MEDICINA FISICA,SERVICIO MEDICO DE APOYO,"CALLE SACO OLIVEROS 295 OF 303 URB. SANTA BEATRIZ , LIMA",SIN CATEGORIA
PRIVADO,CONSULTORIOS MEDICOS Y DE OTROS PROFESIONALES DE LA SALUD,SIN INTERNAMIENTO,JR. WASHINGTON 1491 - 3ER NIVEL - D,I-2
PRIVADO,CONSULTORIOS MEDICOS Y DE OTROS PROFESIONALES DE LA SALUD,SIN INTERNAMIENTO,AV. TACNA 335 INT. 2O2,I-2
PRIVADO,CONSULTORIOS MEDICOS Y DE OTROS PROFESIONALES DE LA SALUD,SIN INTERNAMIENTO,JR. CRESPO Y CASTILLO 2647 - MIRONES BAJO,I-2
PRIVADO,DIAGNOSTICO POR IMAGENES,SERVICIO MEDICO DE APOYO,AV. ALFONSO UGARTE 560 1ER 2DO 3ER Y 5TO PISO,SIN CATEGORIA
PRIVADO,CONSULTORIOS MEDICOS Y DE OTROS PROFESIONALES DE LA SALUD,SIN INTERNAMIENTO,"CALLE RAUL PORRAS BARRENECHEA 2060 - 2DO PISO CHACRA RIOS SUR, CERCADO LIMA",I-1
PRIVADO,CONSULTORIOS MEDICOS Y DE OTROS PROFESIONALES DE LA SALUD,SIN INTERNAMIENTO,AV. AREQUIPA 240 INT. 302 LIMA,I-1
PRIVADO,CONSULTORIOS MEDICOS Y DE OTROS PROFESIONALES DE LA SALUD,SIN INTERNAMIENTO,AV. AURELIO GARCIA Y GARCIA 1659 URB. LOS CIPRESES,I-1
PRIVADO,HEMODIALISIS,SERVICIO MEDICO DE APOYO,PASAJE MANUEL IBERICO 1831- URB. CHACRA RIOS SUR,SIN CATEGORIA
PRIVADO,HEMODIALISIS,SERVICIO MEDICO DE APOYO,JR. ELVIRA GARCIA Y GARCIA 2789 - URB. LOS CIPRESES,SIN CATEGORIA
PRIVADO,CONSULTORIOS MEDICOS Y DE OTROS PROFESIONALES DE LA SALUD,SIN INTERNAMIENTO,"Av. SANTA MARTINA 258, TERCERA ETAPA, URB. PANDO LIMA",I-2
PRIVADO,CONSULTORIOS MEDICOS Y DE OTROS PROFESIONALES DE LA SALUD,SIN INTERNAMIENTO,JR. JOSE DIAZ 204 URB SANTA BEATRIZ,I-1
PRIVADO,HEMODIALISIS,SERVICIO MEDICO DE APOYO,JR. RICARDO ALVARADO 1301 - URB CHACRA RIOS SUR,SIN CATEGORIA
PRIVADO,MEDICINA HIPERBARICA,SERVICIO MEDICO DE APOYO,AV. GUZMAN BLANCO 199 - CERCADO DE LIMA,SIN CATEGORIA
PRIVADO,POLICLINICOS,SIN INTERNAMIENTO,JR. PUNO 102 - 2DO. PISO,I-3
